"","screen_name","retweet_screen_name"
"1","style_artist94","kateStrasdin"
"2","joeltheobscure","kixes"
"3","LucySussex","kateStrasdin"
"4","ABF_1994","kixes"
"5","razzbabble","fmtoday"
"6","UKASEAN","UKASEAN"
"7","UKASEAN","UKASEAN"
"8","UKASEAN","UKASEAN"
"9","UKASEAN","UKASEAN"
"10","UKASEAN","UKASEAN"
"11","UKASEAN","UKASEAN"
"12","UKASEAN","UKASEAN"
"13","UKASEAN","UKASEAN"
"14","UKASEAN","UKASEAN"
"15","UKASEAN","UKASEAN"
"16","UKASEAN","UKASEAN"
"17","UKASEAN","UKASEAN"
"18","UKASEAN","UKASEAN"
"19","UKASEAN","UKASEAN"
"20","AlvinMK_","AlvinMK_"
"21","cassTTAAecg","CapitaLand"
"22","krishzen","CurieuxExplorer"
"23","Michael65413248","Michael65413248"
"24","Michael65413248","Michael65413248"
"25","Michael65413248","Michael65413248"
"26","Michael65413248","Michael65413248"
"27","Michael65413248","Michael65413248"
"28","Michael65413248","Michael65413248"
"29","Michael65413248","Michael65413248"
"30","AnnielizzieSten","JerryHicksUnite"
"31","Charismehehehe","sining_nihiraya"
"32","Avargas2403","Michael65413248"
"33","Avargas2403","Michael65413248"
"34","Avargas2403","Michael65413248"
"35","Avargas2403","Michael65413248"
"36","SUPERBRUTAL_","armaanyounis"
"37","VivMilano","Fxworld2"
"38","VivMilano","ExanteData"
"39","VivMilano","ASEAN_Insider"
"40","VivMilano","RommelOliva3"
"41","VivMilano","asia_mobility"
"42","ChristinFairy","kateStrasdin"
"43","matturban4","allmusicxcess"
"44","matturban4","allmusicxcess"
"45","DebsCa","kateStrasdin"
"46","anhistorianblog","kateStrasdin"
"47","corixpartners","abhishek__AI"
"48","Dan4tographer","AFPphoto"
"49","BetoCTeves","CurieuxExplorer"
"50","PawlowskiMario","CurieuxExplorer"
"51","Transform_Sec","abhishek__AI"
"52","GRAUSAFL","abhishek__AI"
"53","rizkipradipta","Vaccinologist"
"54","women_1000","sofiafineart"
"55","Anna_M_Thane","kateStrasdin"
"56","npwitkowski","sofiafineart"
"57","AlAmadi1","CurieuxExplorer"
"58","mosaic_love","kateStrasdin"
"59","Nicochan33","abhishek__AI"
"60","Nicochan33","CurieuxExplorer"
"61","Nicochan33","RitupaGhosh"
"62","swiftstory","kateStrasdin"
"63","AriefWi48645487","Vaccinologist"
"64","jtheseamstress","kateStrasdin"
"65","QueenOfTheWilis","kateStrasdin"
"66","MitziFetch","kateStrasdin"
"67","AMYSUSANLEVIN","kateStrasdin"
"68","lajmcat","kateStrasdin"
"69","ossisims","kateStrasdin"
"70","areche60","kateStrasdin"
"71","zeitfaeden","kateStrasdin"
"72","RLDI_Lamy","RitupaGhosh"
"73","RLDI_Lamy","CurieuxExplorer"
"74","youtiaoshutiao","kixes"
"75","youtiaoshutiao","KDEVANS81"
"76","taomo_zhou","sofiafineart"
"77","WorldDengueDay","Vaccinologist"
"78","AndreaAdlerPhD","Vaccinologist"
"79","DECIX","next_layer"
"80","ISNTD_Press","WorldDengueDay"
"81","ISNTD_Press","Vaccinologist"
"82","Meowlikecat963","dririshsea"
"83","Meowlikecat963","kixes"
"84","silentseawolf","abhishek__AI"
"85","GreavesFrancoi1","SantaFeRelo"
"86","syawal","AFPphoto"
"87","eggry","AFPphoto"
"88","ineselibere","AFPphoto"
"89","gio_th","TBijma"
"90","gio_th","wildnwity"
"91","burweila","CodeontheRoad1"
"92","achyutaghosh","abhishek__AI"
"93","tjc_singapore","kixes"
"94","rlizares","javanng"
"95","vednigam3","wildnwity"
"96","vednigam3","Woelgeest"
"97","alshawafmumin","bonamark_IP"
"98","kixes","tjc_singapore"
"99","wakeupsg","kixes"
"100","wakeupsg","HaseenahKoya"
"101","NoonanJoe","StuartDNeilson"
"102","Bazingaa_aaa","SameerAKhatlani"
"103","PD_Dan","USAmbSG"
"104","haribabu417","SmartCursors"
"105","haribabu417","SmartCursors"
"106","timg33","GlendaChongCNA"
"107","timg33","UKASEAN"
"108","timg33","UKASEAN"
"109","timg33","UKASEAN"
"110","zee73","CurieuxExplorer"
"111","journalistreyaz","SameerAKhatlani"
"112","cryptodeal2","wildnwity"
"113","cryptodeal2","TBijma"
"114","_tomorrowcity","_tomorrowcity"
"115","hkdemonow","rthk_enews"
"116","hkdemonow","hkfp"
"117","hkdemonow","damon_pang"
"118","hkdemonow","rthk_enews"
"119","hkdemonow","damon_pang"
"120","hkdemonow","appledaily_hk"
"121","hkdemonow","rthk_enews"
"122","hkdemonow","rthk_enews"
"123","hkdemonow","hkfp"
"124","hkdemonow","hkfp"
"125","hkdemonow","rthk_enews"
"126","hkdemonow","cwylilian"
"127","hkdemonow","hkfp"
"128","Corix_JC","abhishek__AI"
"129","Analytics_699","abhishek__AI"
"130","AriesHassan1","USAmbSG"
"131","agnimukha111","veracious111"
"132","KaljuLaid","anthonyhorsnell"
"133","EramAgha","SameerAKhatlani"
"134","YaronVorona","founding"
"135","SB184","armaanyounis"
"136","VatsRishap","hmarston4"
"137","BC_Juggernaut","wildnwity"
"138","Delisketo","armaanyounis"
"139","CyFi10","ExanteData"
"140","CyFi10","ExanteData"
"141","CyFi10","ExanteData"
"142","CyFi10","ExanteData"
"143","Pep13C","armaanyounis"
"144","NovaIntegra","alvinfoo"
"145","NovaIntegra","CurieuxExplorer"
"146","NoName30750023","giaaaaada"
"147","outosego","flyingdogtravel"
"148","miraruslan33","NST_Online"
"149","adzlifrds","NST_Online"
"150","AsiaHouseDCA","NoelClehane"
"151","_Sankari","StephMcLennan"
"152","_Sankari","kixes"
"153","Aynoor_","CodeontheRoad1"
"154","Vagan","mvollmer1"
"155","ItAlways420","armaanyounis"
"156","PRIDEFC_FAN","armaanyounis"
"157","missi_do","milinj"
"158","rogergassert","ETH_en"
"159","Ibrar_TOI","SameerAKhatlani"
"160","Shreyaa11874804","phixsg"
"161","Shreyaa11874804","phixsg"
"162","fedelowe","mvollmer1"
"163","mvollmer1","mvollmer1"
"164","iotvishal","5stocksinto"
"165","iotvishal","RajneshSingh"
"166","snakhooda","CodeontheRoad1"
"167","indulekshmi16","realPatorikku"
"168","324121212121212","armaanyounis"
"169","apbeaton","ExanteData"
"170","Vanprobsolution","officialgovern"
"171","mma_oth","mma_oth"
"172","agrawal_anupam","RajneshSingh"
"173","keipulver","armaanyounis"
"174","CreHerald","CreHerald"
"175","ennomnom","Realty_Et"
"176","ennomnom","FlyingGolden2"
"177","tanchunkiet","kixes"
"178","tanchunkiet","kixes"
"179","thking","next_layer"
"180","ChandraGosavi","STOCKALERTING"
"181","FilippoCarlucc5","UpsidesOf2020"
"182","Surfsurgeon","t6nis123"
"183","Surfsurgeon","wildnwity"
"184","tharshenee","kixes"
"185","SuperGooey","kixes"
"186","vidyadharginde","ICIS_Al"
"187","danchiang","kixes"
"188","gechytil","next_layer"
"189","DrRickLines","giaaaaada"
"190","SarahBelal_","giaaaaada"
"191","sexyjazzwizard","kixes"
"192","taroballss","kixes"
"193","TDzakuma","wildnwity"
"194","TDzakuma","Woelgeest"
"195","TDzakuma","TBijma"
"196","isitceurope","SGX"
"197","rockyperrotta","giaaaaada"
"198","yvonneAPY","kixes"
"199","DrShafbonculous","kixes"
"200","Rahul_RPandya","EversafeAcademy"
"201","Rahul_RPandya","rgbwebtech"
"202","zarascomics","kixes"
"203","kaliandkalki","kixes"
"204","SofiaWi23987888","Seba20672296"
"205","BetaMoroney","mvollmer1"
"206","BetaMoroney","CurieuxExplorer"
"207","sukugkailash","thetribunechd"
"208","EliteOzzy","AssignmentTeam3"
"209","EliteOzzy","tradewithlizeth"
"210","wayneng9999","wildnwity"
"211","Zillidon_2023","wildnwity"
"212","jackson_cox","SECNAV"
"213","USAmbSG","SECNAV"
"214","charlesmok","RajneshSingh"
"215","MattDDyer","wildnwity"
"216","TatjanaObrazco1","50skyshades"
"217","TatjanaObrazco1","50skyshades"
"218","cybersec_feeds","CEdgeConsults"
"219","cybersec_feeds","wizlynxgroup"
"220","cybersec_feeds","RajneshSingh"
"221","cybersec_feeds","Notes_Theory"
"222","cybersec_feeds","_jllr_"
"223","adraydigital","digifood_ex"
"224","vgv_m10","digifood_ex"
"225","SirHotLaps","kixes"
"226","jedengg","dotlahcom"
"227","handthigh","kixes"
"228","handthigh","kixes"
"229","alvaroMcalderon","alvaroMcalderon"
"230","alvaroMcalderon","alvaroMcalderon"
"231","erwin_peeters","dsv_nederland"
"232","ILoveBooks786","CurieuxExplorer"
"233","ILoveBooks786","FintechSIN"
"234","IkanedHAN","NLinIndonesia"
"235","Sayyara82","SameerAKhatlani"
"236","traveleq","SameerAKhatlani"
"237","Natasha84730542","taran_adarsh"
"238","twits_twatter","nihsingapore"
"239","alexalexyang","kixes"
"240","smartecocity","pentasecsystems"
"241","smartecocity","Siemens"
"242","smartecocity","nihsingapore"
"243","smartecocity","nihsingapore"
"244","kunyitsereh","CurieuxExplorer"
"245","FrRonconi","FrRonconi"
"246","FrRonconi","CurieuxExplorer"
"247","SaltJobsAsia","SaltJobsAsia"
"248","ShaunMellors","giaaaaada"
"249","EIEAD_","WilliamPesek"
"250","LetsTalkSG","TrichyAviation"
"251","F10_accelerator","F10_accelerator"
"252","F10_accelerator","F10_accelerator"
"253","Mista_L33","wildnwity"
"254","ADPANetwork","giaaaaada"
"255","sarakowal","giaaaaada"
"256","Laiglo","giaaaaada"
"257","AaronCuddeback","EversafeAcademy"
"258","DV99999","SCMPAsia"
"259","partageleen","jmlukens"
"260","WwDAdA","Valiance_S"
"261","AntifaDisabled","jmlukens"
"262","interchris","kixes"
"263","anaabot","jmlukens"
"264","mcspicydouble","singpromos"
"265","NordicMade","nihsingapore"
"266","NordicMade","nihsingapore"
"267","whosenah","kixes"
"268","BusinessTimes","FionaLamBT"
"269","FootyZoneNet","88Probet"
"270","FootyZoneNet","Freelancer_sg"
"271","vishnu3murthulu","SmartCursors"
"272","prodigalgeek","kixes"
"273","StephMcLennan","kixes"
"274","soupnoudles","kixes"
"275","rajinigorantla","SmartCursors"
"276","rajinigorantla","SmartCursors"
"277","SelinaTA_97","HavenScience"
"278","SheffJournalist","W_Media_News"
"279","SheffJournalist","W_Media_News"
"280","SheffJournalist","W_Media_News"
"281","lolcorporate_sg","lolcorporate_sg"
"282","lolcorporate_sg","lolcorporate_sg"
"283","lolcorporate_sg","lolcorporate_sg"
"284","lolcorporate_sg","lolcorporate_sg"
"285","Fikgr8","kixes"
"286","RINJPress","nwob_org_Nurses"
"287","ohnocado","kixes"
"288","monokromyist","kixes"
"289","internet_9000","DewToyStore"
"290","DCI_James","kixes"
"291","t_phuck","kixes"
"292","nihilistnomya","kixes"
"293","KumarrNotCow","dririshsea"
"294","KumarrNotCow","kixes"
"295","nagalandbot","HosannaNambikai"
"296","nagalandbot","HosannaNambikai"
"297","nagalandbot","HosannaNambikai"
"298","nagalandbot","HosannaNambikai"
"299","nagalandbot","HosannaNambikai"
"300","penatsetan","kixes"
"301","zedecksiew","kixes"
"302","zedecksiew","kixes"
"303","dwallbank","USAmbSG"
"304","dwallbank","mangogemini"
"305","kyla_essayhelp","kyla_essayhelp"
"306","kyla_essayhelp","kyla_essayhelp"
"307","kyla_essayhelp","kyla_essayhelp"
"308","kyla_essayhelp","kyla_essayhelp"
"309","kyla_essayhelp","kyla_essayhelp"
"310","mukui_nancy","gbibuildingco"
"311","gbibuildingco","gbibuildingco"
"312","gbibuildingco","gbibuildingco"
"313","gbibuildingco","gbibuildingco"
"314","gbibuildingco","gbibuildingco"
"315","gbibuildingco","gbibuildingco"
"316","OMGITSrahul","kixes"
"317","OMGITSrahul","kixes"
"318","_Faheem_Fuad_","kixes"
"319","Craftville","WhatsOnOLIO"
"320","BmoresVixen","VirginDixie"
"321","Peanut_butter00","ChodasaniPrasad"
"322","LatheefaKoya","kixes"
"323","ASPI_org","AsiaSocietyAus"
"324","le2huong","AsiaSocietyAus"
"325","CodingNinjaBOT","Notes_Theory"
"326","virpimettanen","alvinfoo"
"327","shizzlespotato","kixes"
"328","JaniceSHLee","rachelohry"
"329","ICON_Science","rachelohry"
"330","ikanselarkuning","tjc_singapore"
"331","ikanselarkuning","dririshsea"
"332","ikanselarkuning","KDEVANS81"
"333","ikanselarkuning","kixes"
"334","5stocksinto","5stocksinto"
"335","5stocksinto","5stocksinto"
"336","5stocksinto","5stocksinto"
"337","bongprophet","kixes"
"338","summerisuncool","kixes"
"339","summerisuncool","kixes"
"340","subhas_music","kixes"
"341","trichnadich","asia_mobility"
"342","LLakhdhir","kixes"
"343","medieval_trash","kixes"
"344","acertainjolene","kixes"
"345","acertainjolene","kixes"
"346","keeyong_c","kixes"
"347","keeyong_c","kixes"
"348","yatnokarno","theaseanpost"
"349","aquatapas","akm5376"
"350","APGN_info","HKgeopark"
"351","Starlite009","iPossibleYouth"
"352","teamofIndore","TheAssetMag"
"353","mhall55nine","iPossibleYouth"
"354","diraholanda","PixelProject"
"355","M_Selinske","rachelohry"
"356","Bobduff1","glengyron"
"357","jlfleite","PixelProject"
"358","isahibakaur","PixelProject"
"359","FlashJewelry","WhatsOnOLIO"
"360","phmay_sg","rogerhamilton"
"361","iamalexbot","AlphaWizz"
"362","denniallen","glengyron"
"363","zehdeabreu","PixelProject"
"364","davidbewart","glengyron"
"365","mouthrestaurant","mouthrestaurant"
"366","glengyron","fion_li"
"367","glengyron","tjc_singapore"
"368","glengyron","kixes"
"369","love4ulot","BowdyWanders"
"370","love4ulot","FlyerTalkerinA2"
"371","love4ulot","BowdyWanders"
"372","love4ulot","GemMoments_"
"373","morgankwyatt","authorjamiller"
"374","icedwater","kixes"
"375","BlueBir69506346","TrichyAviation"
"376","jessidhia","kixes"
"377","jessidhia","kixes"
"378","jessidhia","kixes"
"379","BarryHunt008","akm5376"
"380","ebercheto","Michael65413248"
"381","ebercheto","Michael65413248"
"382","ebercheto","Michael65413248"
"383","ebercheto","Michael65413248"
"384","ebercheto","Michael65413248"
"385","LazarusLong13","akm5376"
"386","dakarbot","rollino_rollo"
"387","greentechdon","retailnewsasia"
"388","summerskinn","alvinfoo"
"389","Nicoletailor4","rollino_rollo"
"390","sukans","GlobalIFRSdesk"
"391","NOORMOHAMMADOS2","NOORMOHAMMADOS2"
"392","douglaschongys","RoyalNavy"
"393","FPMag_net","nwob_org_Nurses"
"394","realAmandaMiles","nwob_org_Nurses"
"395","MelisaHemingway","nwob_org_Nurses"
"396","TheReaperTeam","nwob_org_Nurses"
"397","NurseKathyPoon","nwob_org_Nurses"
"398","RapeIsNoJoke","nwob_org_Nurses"
"399","lockwoodonwcar1","alvinfoo"
"400","esantos120170","alvinfoo"
"401","alvinfoo","alvinfoo"
"402","alvinfoo","alvinfoo"
"403","nishant_arora","alvinfoo"
"404","AssignmentTeam3","AssignmentGeeks"
"405","AssignmentTeam3","AssignmentTeam2"
"406","AssignmentTeam3","AssignmentGeeks"
"407","AssignmentGeeks","AssignmentTeam2"
"408","AssignmentGeeks","AssignmentTeam2"
"409","AssignmentGeeks","AssignmentGeeks"
"410","TinaNunamaker","Jeremywe12"
"411","VladoBotsvadze","VladoBotsvadze"
"412","VladoBotsvadze","VladoBotsvadze"
"413","Zd1CUE5Cd8L0DlN","EU_Gateway"
"414","danielessienz","EU_Gateway"
"415","DavideOberta","EU_Gateway"
"416","CarbonCraftLtd","CarbonCraftLtd"
"417","CarbonCraftLtd","CarbonCraftLtd"
"418","CarbonCraftLtd","CarbonCraftLtd"
"419","CarbonCraftLtd","CarbonCraftLtd"
"420","CarbonCraftLtd","CarbonCraftLtd"
"421","CarbonCraftLtd","CarbonCraftLtd"
"422","kamlesh07","Realty_Et"
"423","SureshRukman","S_Guin"
"424","mierajenner","umarawrrr"
"425","combo_alex","Woelgeest"
"426","combo_alex","t6nis123"
"427","estherlevine14","mvollmer1"
"428","crypto_sima","alvinfoo"
"429","lee_essays","lee_essays"
"430","pay_calculus","pay_calculus"
"431","augusto_spo","QuoteTheNews"
"432","karasjoan","alvinfoo"
"433","ChickieDeeRN","MonaSha18647040"
"434","iam_Azar","TrichyAviation"
"435","aaiTRZairport","TrichyAviation"
"436","econometriclub","mathmadeasy"
"437","econometriclub","AssignmentGeeks"
"438","econometriclub","mathmadeasy"
"439","econometriclub","mathmadeasy"
"440","econometriclub","mathmadeasy"
"441","econometriclub","Ed_Professors"
"442","econometriclub","AssignmentTeam2"
"443","econometriclub","mathmadeasy"
"444","econometriclub","AssignmentTeam2"
"445","econometriclub","mathmadeasy"
"446","econometriclub","Essaypayhw"
"447","econometriclub","AssignmentGeeks"
"448","mathmadeasy","econometriclub"
"449","_SC_Revolution","mvollmer1"
"450","kyle70107025","CivilengineerRc"
"451","iamd0082","NCTsmtown_127"
"452","WeedCrypto","Woelgeest"
"453","TimmyloyTill","EU_Gateway"
"454","jbuitrago","alvinfoo"
"455","PhoenixUnited21","mvollmer1"
"456","worldtravelfam","worldtravelfam"
"457","worldtravelfam","worldtravelfam"
"458","Andres_OlivaEc","alvinfoo"
"459","GraemeLaurie","AsianBioethics"
"460","GraemeLaurie","AsianBioethics"
"461","CSR4Development","alvinfoo"
"462","Ator54164346","alvinfoo"
"463","shravanikrishn5","akri2000"
"464","osmo35195362","carlesdijous"
"465","PavelPe29680089","alvinfoo"
"466","AssignmentTeam2","AssignmentGeeks"
"467","AssignmentTeam2","AssignmentTeam2"
"468","AssignmentTeam2","AssignmentTeam2"
"469","AssignmentTeam2","AssignmentTeam2"
"470","AssignmentTeam2","AssignmentGeeks"
"471","HADAS_madrina","alvinfoo"
"472","DominicPiper1","KhaledTalib"
"473","IvyLuther2","KhaledTalib"
"474","IvyLuther2","EU_Gateway"
"475","0p_r_akash","mvollmer1"
"476","sarangsarage","alvinfoo"
"477","rajasekharv1979","mvollmer1"
"478","bigfundu","alvinfoo"
"479","bigfundu","alvinfoo"
"480","LinkCrypto1","Woelgeest"
"481","ClubLaAmistad","alvaroMcalderon"
"482","AMCTENNIS","alvaroMcalderon"
"483","AMCTENNIS","alvaroMcalderon"
"484","mintable_app","Woelgeest"
"485","yena_kalat","sining_nihiraya"
"486","aufrichtig40","alvinfoo"
"487","Striker5151","Woelgeest"
"488","golfballfinder1","Mark7171L"
"489","BlissRob","TimGurung"
"490","eAnkitPandey","lovetheearther"
"491","BenardN43839103","Salomelugard"
"492","Valtonenk","alvinfoo"
"493","Seunhumane","alvinfoo"
"494","marietaanton","mvollmer1"
"495","laboni55477593","boatmanfisher_"
"496","rgrados","mvollmer1"
"497","TellDM","ibtimes_india"
"498","Jacko29297615","Jacko29297615"
"499","awambmrgw","alvinfoo"
"500","PFLab","mvollmer1"
"501","vikram_108","dshglobal"
"502","Ka68434876","QuoteTheNews"
"503","TweetinChar","alvinfoo"
"504","chanaw7","rasikajy"
"505","ProcurementStar","mvollmer1"
"506","ktkjellerup","mvollmer1"
"507","Dordevica","alvinfoo"
"508","VarshneyAnita","mvollmer1"
"509","domingonarvaez1","mvollmer1"
"510","alshares2877","alvinfoo"
"511","kelbystrike","kixes"
"512","shivgrewal09","mvollmer1"
"513","Patrick_Henz","alvinfoo"
"514","Sushil_P_Pawar","alvinfoo"
"515","pwayte","mvollmer1"
"516","pwayte","alvinfoo"
"517","HaseenahKoya","HaseenahKoya"
"518","HaseenahKoya","HaseenahKoya"
"519","HaseenahKoya","LimWuiLiang"
"520","HaseenahKoya","HaseenahKoya"
"521","HaseenahKoya","HaseenahKoya"
"522","HaseenahKoya","tjc_singapore"
"523","KeeBeelian1","saymamaa"
"524","federicascelsa","QuoteTheNews"
"525","stonksrus","mvollmer1"
"526","usmanadil","alvinfoo"
"527","Cosmic_Wyrm","kixes"
"528","kler_gaurav","alvinfoo"
"529","JimWiltraut","SECNAV"
"530","twintair737","GulfNewsBiz"
"531","twintair737","mr_gadget"
"532","twintair737","_Wanderlusters_"
"533","twintair737","TravelTomorrowX"
"534","twintair737","UniqueNews_"
"535","Varuniac_Sumit","DharmaMovies"
"536","lekwilliams","authorjamiller"
"537","misspaayn","sining_nihiraya"
"538","GarlandSculptor","StarboyHK"
"539","yennygomes1984","koreatimescokr"
"540","Seba20672296","Seba20672296"
"541","jane__eden","mvollmer1"
"542","robarrypotter","Woelgeest"
"543","Dliessmgg","kixes"
"544","Dliessmgg","kixes"
"545","IRadSingapore","SingaporeMedJ"
"546","Sumit_dvn","DharmaMovies"
"547","highimpactsex","kixes"
"548","highimpactsex","kixes"
"549","highimpactsex","kixes"
"550","highimpactsex","kixes"
"551","SoleumAlpha","AlexQChen"
"552","Cryptostocknl","TBijma"
"553","mrsmainitravels","PPaulCharles"
"554","maysays","kixes"
"555","zenaldehyde","kixes"
"556","lotusvati","akri2000"
"557","kylemalinda","kixes"
"558","kylemalinda","dririshsea"
"559","Jaz_baatein","akri2000"
"560","Academic9writer","mathmadeasy"
"561","sampootsola","theaseanpost"
"562","gdprAI","christinayiotis"
"563","Raymond27103745","StarboyHK"
"564","MuppetPowerrrrr","StarboyHK"
"565","juanajaafar","kixes"
"566","kinghaseeb28","jetex"
"567","KathleenHarrym1","authorjamiller"
"568","goddersbloom","GoingPostalBlog"
"569","inskoreaforum","SingaporeYouth"
"570","TechBurstAsia","CRASingapore"
"571","TechBurstAsia","CRASingapore"
"572","MuthuSe14438998","akri2000"
"573","Kaloofoosi","kixes"
"574","Theo81317148","mvollmer1"
"575","SupplyChainBlog","mvollmer1"
"576","NewsNeus","mvollmer1"
"577","TutorCambodia","theaseanpost"
"578","Barry69104159","davidyin44"
"579","staticresonance","kixes"
"580","Takurua2","MaryHuangGD"
"581","lordgift01","mvollmer1"
"582","HiClassMag","FayyazTravels"
"583","qqq_arthur","RonnethPLC"
"584","sudeepkhatri","mvollmer1"
"585","Tess_blue815","mvollmer1"
"586","rockeypanditajk","akri2000"
"587","bunnies_bot","moby74"
"588","sofiartmedia","mvollmer1"
"589","OpenMarketingTV","mvollmer1"
"590","IdeBagus_store","mvollmer1"
"591","VHSAustralia","akri2000"
"592","shreyups","kixes"
"593","RKotibhat","akri2000"
"594","nigelpanth","alvinfoo"
"595","ShikhaM14","akri2000"
"596","Dharma2X","akri2000"
"597","BernadetteNTF","mvollmer1"
"598","agaramuthalaa","TheRatMark"
"599","ah_doong","fmtoday"
"600","freetrooper","dririshsea"
"601","sophianictract","EFTAsecretariat"
"602","Nisha_BT","BusinessTimes"
"603","samratmanchekar","InstaReMit"
"604","johnmarshawav","kixes"
"605","kish_kebab","kixes"
"606","kish_kebab","kixes"
"607","kish_kebab","kixes"
"608","mluisareyesr","alvinfoo"
"609","AbuAzimAziz","alvinfoo"
"610","flyingronaldo","authorjamiller"
"611","lee4hmz","kixes"
"612","NUS_CBmE","AsianBioethics"
"613","sathishnp83","alvinfoo"
"614","sathishnp83","alvinfoo"
"615","liuwyz","KDEVANS81"
"616","liuwyz","kixes"
"617","SlAN_bot","kixes"
"618","lim_jialiang","kixes"
"619","DARKMATTER1008","akri2000"
"620","shann_cahill","remind_sg"
"621","LDechtiar","mojos55"
"622","King_Crackers","kixes"
"623","mclarenchaser","alvinfoo"
"624","aiseCP","aiseCP"
"625","freeagentglobal","alvinfoo"
"626","bmicelicooper","MickCooperAD"
"627","G_Owen_Schaefer","AsianBioethics"
"628","techie_wiz","rgbwebtech"
"629","astrojac","TimGurung"
"630","JulioFDRezende","alvinfoo"
"631","MikeClarkeSnr","TimGurung"
"632","TimGurung","TimGurung"
"633","TimGurung","TimGurung"
"634","TimGurung","TimGurung"
"635","JayChance5","alvinfoo"
"636","TomoKreja","EU_Gateway"
"637","UserAgent_Smith","_jllr_"
"638","Amlynne1","allinallMJC"
"639","sport_sh","seahounds"
"640","kazybott","officialtruff"
"641","HayleyHarajuku","PixelProject"
"642","HayleyHarajuku","PixelProject"
"643","freedomisgold2","alvinfoo"
"644","stellabelle","alvinfoo"
"645","oliverzilliqa","alvinfoo"
"646","faaarah_","WTravelMagazine"
"647","jagan_gold","akri2000"
"648","matthewoberley","alvinfoo"
"649","amoorthu","arvindergujral"
"650","SuziAlbracht","authorjamiller"
"651","GrantJ023","alvinfoo"
"652","windowview9","akri2000"
"653","DebsNovels","authorjamiller"
"654","techtrendingnow","WorldAIShow"
"655","techtrendingnow","WorldAIShow"
"656","techtrendingnow","PushpendraTech"
"657","GauravS14150075","TBijma"
"658","cyrotaint88","Model_Belldandy"
"659","cyrotaint88","Model_Belldandy"
"660","cyrotaint88","Model_Belldandy"
"661","MicheleTrainer","litteract"
"662","CurtisSChin","CurtisSChin"
"663","Max_Lyashko","alvinfoo"
"664","GerardoLegend","wilkgames"
"665","GerardoLegend","wilkgames"
"666","ga_richardson","CurtisSChin"
"667","volt__edge","alvinfoo"
"668","MJarrazattee","rogerhamilton"
"669","AlvaroSVi","alvinfoo"
"670","KojoEdusei","Essaypayhw"
"671","quasagroup","alvinfoo"
"672","sim2ben","alvinfoo"
"673","Rhma89n","Michael65413248"
"674","Rhma89n","Michael65413248"
"675","Rhma89n","Michael65413248"
"676","r_daguaviva7722","alvinfoo"
"677","M1NuTeLaTe11","alvinfoo"
"678","tdohrmann","alvinfoo"
"679","Celtic_AEP","FintechSIN"
"680","erkanguntore","alvinfoo"
"681","DianaRestrepoM","alvinfoo"
"682","dansodergren","alvinfoo"
"683","AzaroXavier","alvinfoo"
"684","Petrine05647629","alvinfoo"
"685","Lapisblue4","alvinfoo"
"686","NancyTr83158469","alvinfoo"
"687","NancyTr83158469","alvinfoo"
"688","qomix","Ghostlore_game"
"689","chariss_walker","authorjamiller"
"690","chariss_walker","authorjamiller"
"691","Splatland","authorjamiller"
"692","87_kirin","Michael65413248"
"693","87_kirin","Michael65413248"
"694","87_kirin","Michael65413248"
"695","cryptomoksh1","TBijma"
"696","RWeerlee","TBijma"
"697","_Mitsuki_Senpai","kixes"
"698","tigranhaas","nkvarnstrom"
"699","shaktivel2","akri2000"
"700","MiriamHeukelom","QuipPonder"
"701","We_ThePeopIe","akri2000"
"702","Emporiyo","TBijma"
"703","MikiHope","authorjamiller"
"704","daaisikh","StarboyHK"
"705","Sandeep87393412","akri2000"
"706","keel1616","akri2000"
"707","harshadsharma23","akri2000"
"708","thr1ce","TBijma"
"709","cosmicblinker","akri2000"
"710","Vague_Boy_","akri2000"
"711","Dvya_RA_ThORe","akri2000"
"712","Savitritvs","akri2000"
"713","Julian63Ok","akri2000"
"714","HLfavorite","authorjamiller"
"715","aliendiscogames","FlaggerTheGame"
"716","britton_john","fayasodlam_007"
"717","wormtwit","Laku_Lance"
"718","foo_benjamin","foo_benjamin"
"719","foo_benjamin","foo_benjamin"
"720","foo_benjamin","foo_benjamin"
"721","BrainRoaring","SecChronicle"
"722","amaraaminx","authorjamiller"
"723","sylviaselfman","authorjamiller"
"724","RodEarth","GoingPostalBlog"
"725","VeazieRon","VeazieRon"
"726","VeazieRon","VeazieRon"
"727","MoonWolf2018","FangSladeDrum"
"728","mike_farmakakis","EU_Gateway"
"729","deepquest","StarboyHK"
"730","LachlanB_","DestinAsian_Mag"
"731","sgprapplication","sgprapplication"
"732","sundarivenkat","authorjamiller"
"733","ElliottBaker","authorjamiller"
"734","TravelwritersUK","BowermanGary"
"735","BizTalGlobal","CoachingDotSG"
"736","icom_ceca","JennySiung"
"737","aida_abdullah79","kixes"
"738","MahmudFirzan","HaseenahKoya"
"739","Asgard_009","FlaggerTheGame"
"740","NCFACanada","TFI_Canada"
"741","Ubai_h","TrichyAviation"
"742","bot_flutter","chefn3ss"
"743","fluttbot","MobileApps2U"
"744","fluttbot","chefn3ss"
"745","BlkHwk0ps","tueetor"
"746","daveblr77","authorjamiller"
"747","daveblr77","authorjamiller"
"748","jiastronaut","seungminmo"
"749","IamCedricBoy","GuideforAll"
"750","staaaseung","seungminmo"
"751","cl_schneider","authorjamiller"
"752","RitterAmes","authorjamiller"
"753","laurencro","kixes"
"754","hunnipuff","authorjamiller"
"755","SharanskyWailer","kixes"
"756","CaroleParkes1","authorjamiller"
"757","danialbroccoli","jetex"
"758","Leo5Neo","NikolPashinyan"
"759","TranshumanML","StarboyHK"
"760","sajid_monsoori","lifestyle_ie"
"761","zilliqaworld","TBijma"
"762","AnastasiaDebby","StarboyHK"
"763","Manuel_Ortizpr","Lochoffs"
"764","Manuel_Ortizpr","Lochoffs"
"765","Manuel_Ortizpr","LetsTalkSG"
"766","FaceCebu","TheMarkMonta"
"767","CebuFitnessBlog","TheMarkMonta"
"768","conventuslaw","LawFlex1"
"769","Wriothesley14","StarboyHK"
"770","amuse_gueule","kixes"
"771","bongkersz","kixes"
"772","lav_sunrise","kixes"
"773","PisaTalisTLVOOO","garyfoskett"
"774","eliasvilla0","FlaggerTheGame"
"775","ShreeP1960","surendrapalsin3"
"776","anisatikar","kixes"
"777","Alexander251212","PeterAForeman"
"778","Alexander251212","DestinAsian_Mag"
"779","alphasystech","FlaggerTheGame"
"780","YomYom0204","jetex"
"781","StorySpirit4U","authorjamiller"
"782","hambly_jenny","authorjamiller"
"783","hambly_jenny","authorjamiller"
"784","stimography","jetex"
"785","GameDevNews1","FlaggerTheGame"
"786","teresareasor","authorjamiller"
"787","pamlecky","authorjamiller"
"788","pamlecky","authorjamiller"
"789","NGrayBooks","authorjamiller"
"790","darkspires","authorjamiller"
"791","bmperrin","authorjamiller"
"792","tohhanshih","HaseenahKoya"
"793","tohhanshih","HaseenahKoya"
"794","GFBickerstaff","authorjamiller"
"795","Imraan_Ayo","jetex"
"796","blaq_quin_rukky","jetex"
"797","zom3ea","kixes"
"798","mi_habeeb","TrichyAviation"
"799","Deblibrarian","authorjamiller"
"800","Pleng_JT","glennvanzutphen"
"801","da_mike","glennvanzutphen"
"802","robertthehealer","robertthehealer"
"803","robertthehealer","robertthehealer"
"804","cameyrick1","authorjamiller"
"805","cameyrick1","authorjamiller"
"806","Gbets","jetex"
"807","Oliver22David","Finalcad_"
"808","iamTaiwotofunmi","jetex"
"809","fjevans_","kixes"
"810","les_desechables","StarboyHK"
"811","saluspopuliorg","StarboyHK"
"812","misscasiolrmy","kixes"
"813","caeahh","kixes"
"814","TheLow95","kixes"
"815","bjornfrantzen","MichelinGuideUK"
"816","CalebPirtle","authorjamiller"
"817","douglasssteve","authorjamiller"
"818","IambenNuel","jetex"
"819","GmtpPvt","CapitaLand"
"820","Anu_sam","jetex"
"821","thatgoodgoodie","jetex"
"822","stefani26027281","UpsidesOf2020"
"823","KenJeyaretnam","HaseenahKoya"
"824","HappaNarinder","lifestyle_ie"
"825","JaredMi68273542","Traddle"
"826","agro_exim","Traddle"
"827","marcauthor","authorjamiller"
"828","ranajitdam","kixes"
"829","Simple_Peasant1","kixes"
"830","shinagawa__","dririshsea"
"831","vanalich","BusinessTimes"
"832","vanalich","TimeOutSG"
"833","AOliemy","Michael65413248"
"834","tepanchinceva","Michael65413248"
"835","tepanchinceva","Michael65413248"
"836","peterpobjecky","StarboyHK"
"837","Rh63th","Michael65413248"
"838","Rh63th","Michael65413248"
"839","Rh63th","Michael65413248"
"840","Rh63th","Michael65413248"
"841","Rh63th","Michael65413248"
"842","Rh63th","Michael65413248"
"843","Rh63th","Michael65413248"
"844","Rh63th","Michael65413248"
"845","Rh63th","Michael65413248"
"846","Rh63th","Michael65413248"
"847","Rh63th","Michael65413248"
"848","syazwannextdoor","kixes"
"849","tancpop","StarboyHK"
"850","DaveDAguanno","authorjamiller"
"851","GodwinOluremi","jetex"
"852","mubmib19","WTravelMagazine"
"853","Hesperus_Caeles","kixes"
"854","EugeneThurai","HaseenahKoya"
"855","littlewondersxx","kixes"
"856","littlewondersxx","tjc_singapore"
"857","Jasonngoose","kixes"
"858","ROB19TIFTIF","Michael65413248"
"859","ROB19TIFTIF","Michael65413248"
"860","ROB19TIFTIF","Michael65413248"
"861","ROB19TIFTIF","Michael65413248"
"862","ROB19TIFTIF","Michael65413248"
"863","ROB19TIFTIF","Michael65413248"
"864","ROB19TIFTIF","Michael65413248"
"865","ROB19TIFTIF","Michael65413248"
"866","ROB19TIFTIF","Michael65413248"
"867","ROB19TIFTIF","Michael65413248"
"868","ROB19TIFTIF","Michael65413248"
"869","ROB19TIFTIF","Michael65413248"
"870","ROB19TIFTIF","Michael65413248"
"871","Ebunlola_oluwa","jetex"
"872","hxfiza","kixes"
"873","defRd7j7QcSxc6P","wirexapp"
"874","IcelandinGeneva","EFTAsecretariat"
"875","Oniani111","theexportworld"
"876","johnsonpioneer","detoff"
"877","dpsramu","lifestyle_ie"
"878","nneotaegbe","detoff"
"879","3yir4h","kixes"
"880","perpaduanmelayu","dririshsea"
"881","1jeanette2","rogerhamilton"
"882","WinterfellT","EFTAsecretariat"
"883","dyasdarcy","kixes"
"884","kjorene","tjc_singapore"
"885","bobateawitch","kixes"
"886","sweetbaaby_girl","jetex"
"887","germanhitechhe1","jetex"
"888","cokainemodel","kixes"
"889","androiddevRTbot","AungThi11750214"
"890","diniejunaidiiii","kixes"
"891","mishkatov","kixes"
"892","kuehtiao","kixes"
"893","lynfunkstar","kixes"
"894","yazbanz","tjc_singapore"
"895","ariffin_sha","tjc_singapore"
"896","ariffin_sha","tjc_singapore"
"897","TheGeek40","FlaggerTheGame"
"898","freaky_miles","jetex"
"899","wittlett","StarboyHK"
"900","dimitrov_georgy","StarboyHK"
"901","RajRs","krisbot"
"902","n0ahczerns","kixes"
"903","news_polish","AaronC52773462"
"904","YogeshSangle","InstaReMit"
"905","IndianExpress","lifestyle_ie"
"906","KhotteDePuttar","krisbot"
"907","Jennie_x","jetex"
"908","PureArgan","cutislaser"
"909","_moose_b","aoteh"
"910","TechnoJeder","cjkonrad"
"911","xploded_tb","kixes"
"912","gpgcreditors","leeseongwee"
"913","GorhamsCave","CalpeConference"
"914","BrianRhoadsHK","zuibrahim"
"915","pingster2008","kixes"
"916","GregoryGLake","SECNAV"
"917","Athul75767151","TrichyAviation"
"918","Athul75767151","PPaulCharles"
"919","pxstelsunnies","kixes"
"920","Cadeyrnewydd","kixes"
"921","BawangByte","kixes"
"922","MiileJohn","StarboyHK"
"923","iamjoelee","kixes"
"924","zurairi","kixes"
"925","i_am_oloribae","jetex"
"926","BaekJimmy","air_crews"
"927","ojo_osagie","aoteh"
"928","HexodeJ","aoteh"
"929","surveybellcom","surveybellcom"
"930","surveybellcom","surveybellcom"
"931","surveybellcom","surveybellcom"
"932","surveybellcom","surveybellcom"
"933","surveybellcom","surveybellcom"
"934","surveybellcom","surveybellcom"
"935","shxntxnx","kixes"
"936","MeenakshiThala1","PoleMounika"
"937","rt23456p","StarboyHK"
"938","kritikasrawat25","RealtyNXT"
"939","TheGeshHimself","kixes"
"940","altf4hashbot","officialtruff"
"941","nlognbot","officialtruff"
"942","Women_who_code","officialtruff"
"943","CoderNotesBot","officialtruff"
"944","Phoenix1924","tickingthelist"
"945","talasofil","kixes"
"946","riddy4palestine","StarboyHK"
"947","GanesanMukil","krisbot"
"948","newlove_eney","air_crews"
"949","arivanhuizen","kixes"
"950","queenflitz","kixes"
"951","soundarya_b","krisbot"
"952","kellys_mary","StarboyHK"
"953","PenerangHARAPAN","kixes"
"954","MaccessoriesR","Michael65413248"
"955","MaccessoriesR","Michael65413248"
"956","mayo4u","StarboyHK"
"957","BowermanGary","BowermanGary"
"958","BowermanGary","jbhavan"
"959","dhanymoney","kixes"
"960","pidutDin","kixes"
"961","PDuggiraala","krisbot"
"962","Ayo_O_","jetex"
"963","Raggedy11_0613","rafieedruce"
"964","pepsiwithastraw","krisbot"
"965","rexharieJu","kixes"
"966","Oluwa_busolami","jetex"
"967","ComicsByVieN","kixes"
"968","ChevalierNoireZ","kixes"
"969","QecinaJ","kixes"
"970","izzatiiijamaaal","kixes"
"971","miyakilee","SCMPAsia"
"972","syadiyahadlina","kixes"
"973","cabincrewrest","air_crews"
"974","brgsstm","mangogemini"
"975","brgsstm","air_crews"
"976","fyfyfyqa","kixes"
"977","futurexbatman","kixes"
"978","1Obefiend","kixes"
"979","casestudyhelp","Assignment_Easy"
"980","yishus_news","kixes"
"981","aerdnanehc","kixes"
"982","yourdaddyisjay","rogerhamilton"
"983","WanAbdRahman","dririshsea"
"984","MicrosoftRTweet","hewshott"
"985","NeilJamesWeekes","GulfNewsBiz"
"986","SijinK7","anuraag_saxena"
"987","freedullah2","RoyalNavy"
"988","21gr2","shiokmeats"
"989","Anjaney13354043","anuraag_saxena"
"990","zhang_heqing","Chinacultureorg"
"991","vaddanki001","anuraag_saxena"
"992","TolaniQudus","jetex"
"993","ca_alf_castro","hmarston4"
"994","Pepperc57589081","kixes"
"995","CraftmeatI","shiokmeats"
"996","netdoubutsuen","Michael65413248"
"997","Fl4ky","kixes"
"998","NUTKINGCOCK","kixes"
"999","shanee72","kixes"
"1000","adrucechin","jetex"
"1001","xiaoyingtai","kixes"
"1002","syadz1","kixes"
"1003","bbbbrruuhhhh","kixes"
"1004","aflairforili","kixes"
"1005","Blending_Star","Happy_Mijoo_Day"
"1006","mythili3012","TrichyAviation"
"1007","Ubai_h1","TrichyAviation"
"1008","EEA_Forever","EFTAsecretariat"
"1009","KLsurian","dririshsea"
"1010","BeAu_NmN","SCMPAsia"
"1011","SCMPNews","SCMPAsia"
"1012","SCMPNews","SCMPAsia"
"1013","Ranjith14486346","ChodasaniPrasad"
"1014","fahdfadzly","ASEAN_Insider"
"1015","historyogi","dririshsea"
"1016","ChodasaniPrasad","ChodasaniPrasad"
"1017","NyapMingTim","WorldDengueDay"
"1018","TilakbabuR","WorldDengueDay"
"1019","joantanzm","CapitaLand"
"1020","TriniXisle","thackshaw"
"1021","IndieDevDog","FlaggerTheGame"
"1022","bbox","SCMPAsia"
"1023","kcarruthers","SCMPAsia"
"1024","WeTamilans","HosannaNambikai"
"1025","WeTamilans","gowri_gal"
"1026","IndieDev_RT","FlaggerTheGame"
"1027","BenTuckett1997","SCMPAsia"
"1028","MadeleineKaur","Salomelugard"
"1029","MikeNeftali","GemMoments_"
"1030","LaingCallum","rogerhamilton"
"1031","carryonwithkids","GemMoments_"
"1032","iPossibleYouth","foo_benjamin"
"1033","iPossibleYouth","foo_benjamin"
"1034","manu_avilez","jgamero_"
"1035","jhainley1","Michael65413248"
"1036","jhainley1","Michael65413248"
"1037","jhainley1","Michael65413248"
"1038","arodrigues112","PPaulCharles"
"1039","allinthefamfot1","anthonyhorsnell"
"1040","Carmilla5","DeparturesMag"
"1041","Archerave1","TimeOutSG"
"1042","prashant_hald","DroneSec_"
"1043","dr_salgo","globaltimesnews"
"1044","Odessa_Arhimas","e_architect"
"1045","TonyBryce2","RoyalNavy"
"1046","sadia_talks","PPaulCharles"
"1047","toshi2015","Michael65413248"
"1048","toshi2015","Michael65413248"
"1049","SiewlynnC","exxonmobil_sg"
"1050","SiewlynnC","exxonmobil_sg"
"1051","theyjih","detoff"
"1052","paramsoul","surendrapalsin3"
"1053","Hennings1Anders","rogerhamilton"
"1054","rachelkelly360","CurtisSChin"
"1055","ALKentBooks","TimGurung"
"1056","MymY237","PPaulCharles"
"1057","woodlandshool","ALB_S_FC"
"1058","jennyvlenz","IDollyLenz"
"1059","dazainater","huskgen"
"1060","SSeiji0429","Michael65413248"
"1061","LynnInSydney","IDollyLenz"
"1062","deann_native","Michael65413248"
"1063","neonthrills","tjc_singapore"
"1064","Carla70643723","UpsidesOf2020"
"1065","fabio_proto","UpsidesOf2020"
"1066","2021BookBlast","evelynbookless"
"1067","KamauClinton1","CEdgeConsults"
"1068","TheSecretJunio1","CEdgeConsults"
"1069","codedailybot","CEdgeConsults"
"1070","CodeGnuts","CEdgeConsults"
"1071","captJaimangal","SynergyGroup06"
"1072","LaraFuller18","U2"
"1073","finanzprodukt","FintechSIN"
"1074","finanzprodukt","F10_accelerator"
"1075","finanzprodukt","F10_accelerator"
"1076","RoyCKao","TFI_Canada"
"1077","saltedbayonet","Michael65413248"
"1078","fintechna","TFI_Canada"
"1079","g33k5p34k","jahson_alemu"
"1080","g33k5p34k","TaiwanBirding"
"1081","TashaNar123","PPaulCharles"
"1082","Giuseppe_Randa","UpsidesOf2020"
"1083","Prarthana_AKKKS","ComicsClimate"
"1084","DulithK","realmethod41"
"1085","vdiwakar_com","TramANguyen"
"1086","tree_louis","MoneyTalkR3"
"1087","mariana_kremser","mateusz_chatys"
"1088","NRD_SanDiego","SECNAV"
"1089","Sun_Flower119","Michael65413248"
"1090","Sun_Flower119","Michael65413248"
"1091","Sun_Flower119","Michael65413248"
"1092","Sun_Flower119","Michael65413248"
"1093","K_mof_","FangSladeDrum"
"1094","rhondylou","PPaulCharles"
"1095","clawheart2006","FangSladeDrum"
"1096","KatLoveKPOP1411","winternight1210"
"1097","Carolicen","Carolicen"
"1098","Carolicen","Carolicen"
"1099","WAVEJourney","JimByersTravel"
"1100","justme_reading","AkerWood100"
"1101","R94345325","Happy_Mijoo_Day"
"1102","S4th__","WTravelMagazine"
"1103","LottieShed","WistfulCass"
"1104","breadforSujeong","Happy_Mijoo_Day"
"1105","SwissmissionEU","EFTAsecretariat"
"1106","ValerySobolev","Michael65413248"
"1107","ValerySobolev","Michael65413248"
"1108","ValerySobolev","Michael65413248"
"1109","JimByersTravel","phocuswire"
"1110","GlobalVectorHub","WorldDengueDay"
"1111","berrycandy48","Happy_Mijoo_Day"
"1112","acjteo","dririshsea"
"1113","armitage_cobb","rogerhamilton"
"1114","Maddie17443622","Michael65413248"
"1115","Maddie17443622","Michael65413248"
"1116","guanyinmiao","dririshsea"
"1117","rx4ray","EFTAsecretariat"
"1118","KellyTosh1","PPaulCharles"
"1119","shinchan2222","Michael65413248"
"1120","PawsBeansMaws","FangSladeDrum"
"1121","C62_48999","FangSladeDrum"
"1122","azitamago","FangSladeDrum"
"1123","bombing_rooftop","Michael65413248"
"1124","iloveposiTVty","TimotheusLee"
"1125","wolfjjing","FangSladeDrum"
"1126","pepparsteve","ComicsClimate"
"1127","reyshoucbcbk8","Happy_Mijoo_Day"
"1128","BraveWolf1984","FangSladeDrum"
"1129","FrankfurtKurnit","jeffgreenbaum"
"1130","ShivamM04609108","jetex"
"1131","craggscakes1","PPaulCharles"
"1132","haniffhakiki","Michael65413248"
"1133","haniffhakiki","Michael65413248"
"1134","OutLeadership","houdart"
"1135","_Rosamary_","EFTAsecretariat"
"1136","nomadicboys","PurpleRoofs"
"1137","sharpdealer","EFTAsecretariat"
"1138","DScamron","FintechSIN"
"1139","LumBador1","sgmarineparks"
"1140","TomasEuropus","EU_Gateway"
"1141","PHadjipanayis","PPaulCharles"
"1142","chrissythelker","MaryHuangGD"
"1143","JenniferJ_Dean","rogerhamilton"
"1144","BrendaGott","MichelinGuideUK"
"1145","liyyaahalid","youroppi"
"1146","JawaSandho","RusAmbCambodia"
"1147","mfa_russia","RusAmbCambodia"
"1148","AnneJMcKay","PPaulCharles"
"1149","DesignMadam","sisingaporehub"
"1150","SuzanneLipshaw","PippaChorley"
"1151","swanikmaharaj","IndiaToday"
"1152","CamboRusEmba","RusAmbCambodia"
"1153","DrRueckauf","FintechSIN"
"1154","RoelAnthony","surtoys"
"1155","Allstar_dragon","FangSladeDrum"
"1156","_xinnz","youroppi"
"1157","IndiaTodayFLASH","IndiaToday"
"1158","pei11102","Happy_Mijoo_Day"
"1159","Nexusswagon","FangSladeDrum"
"1160","Darkowlyz","Happy_Mijoo_Day"
"1161","thisweekinnepal","USI_MONEY"
"1162","CoolLifted","jetex"
"1163","kpopcrazy2010","Happy_Mijoo_Day"
"1164","queenlyz8","Happy_Mijoo_Day"
"1165","maryann944","rogerhamilton"
"1166","thisisellisart","EU_Gateway"
"1167","igyfglobal","SingaporeYouth"
"1168","BridgetWu3","Michael65413248"
"1169","lisaminot","PPaulCharles"
"1170","peterhandlebar","fion_li"
"1171","EAHERSH","rogerhamilton"
"1172","Thomas0Eastman","Siemens"
"1173","nekonekotaillov","FangSladeDrum"
"1174","atla_fan","RedDotUna"
"1175","4c7f21ac5bb74b0","rogerhamilton"
"1176","robertasangerm1","UpsidesOf2020"
"1177","Topmark_Essays","Ed_Professors"
"1178","Topmark_Essays","AssignmentTeam3"
"1179","Topmark_Essays","AssignmentTeam2"
"1180","Topmark_Essays","AssignmentGeeks"
"1181","yusuf_alsarmi","rogerhamilton"
"1182","mary_birch","PPaulCharles"
"1183","adambatterbee","PPaulCharles"
"1184","CianGaia","EU_Gateway"
"1185","TravelTimeWorld","PPaulCharles"
"1186","Forthplace","rogerhamilton"
"1187","Justfly356","PPaulCharles"
"1188","Justfly356","OlivierHoarau"
"1189","edrynaedtoni","darwinaoutlet"
"1190","markaizatt","PPaulCharles"
"1191","johnjambrose","rogerhamilton"
"1192","RonDLim","polpstream"
"1193","ThePCAgency","PPaulCharles"
"1194","KeganFarrick","jahson_alemu"
"1195","SGLovelyz","Happy_Mijoo_Day"
"1196","AmandaEverall2","CDHKedition"
"1197","LowSulfurBunker","Bunkerspot"
"1198","TechnoBotNL","polpstream"
"1199","polpstream","polpstream"
"1200","xaskorsis","jahson_alemu"
"1201","porquetantodio","jahson_alemu"
"1202","Facukaku021","yilmazonur23"
"1203","Facukaku021","yilmazonur23"
"1204","WhySharksMatter","jahson_alemu"
"1205","gobysimon","jahson_alemu"
"1206","deepakj","sakshi_prak"
"1207","nano19865005","rettperera"
"1208","jolantru","rettperera"
"1209","mmmmwohan","ETEnergyWorld"
"1210","anjushankarr","MMPBook"
"1211","VrmmuwBBJApICDv","italiasingapore"
"1212","ILoveGaySngpore","houdart"
"1213","corizance","FintechSIN"
"1214","naidu_rajgopal","jetex"
"1215","essayhelp04","Ed_Professors"
"1216","essayhelp04","Ed_Professors"
"1217","haruthesergal","FangSladeDrum"
"1218","CouncilGyi","SingaporeYouth"
"1219","CouncilGyi","SingaporeYouth"
"1220","WomenCyberSec","GovInsider"
"1221","eQualitie","MPubliques_EN"
"1222","birolbayraktaro","TechCharts"
"1223","SwitchSingapore","Lochoffs"
"1224","MaiTreasures","TimotheusLee"
"1225","ZupHomeez","TellMe_Where2Go"
"1226","LisaSchrdr","F10_accelerator"
"1227","PhilemonSpalika","TechCharts"
"1228","jnbotella","OlivierHoarau"
"1229","jermhu","Joyce__Koh"
"1230","evereeze","WTravelMagazine"
"1231","BogdziewiczM","PolishEmbassySG"
"1232","CREALOGIX_en","FintechSIN"
"1233","LlnuxBot","yilmazonur23"
"1234","LlnuxBot","yilmazonur23"
"1235","CursosFacu","yilmazonur23"
"1236","balletdancer988","UpsidesOf2020"
"1237","viralvideovlogs","ExanteData"
"1238","mmmm9292","Investcorp"
"1239","_solarflair","KDEVANS81"
"1240","Dcr_congrong","CCTV_Plus"
"1241","EqualHoner","markscogan"
"1242","JohnpaulLow","CatholicsSg"
"1243","leo_tuxedo","beckyexploring"
"1244","lovetoshrawan","Assignment_Easy"
"1245","casestudyhelps","Assignment_Easy"
"1246","KentJohnson","WhiteCaviarLife"
"1247","arkproperties","DNewsHungary"
"1248","NiravHaji","dfc_sg"
"1249","fchaumac_chau","PDChina"
"1250","fchaumac_chau","libijian2"
"1251","alameda_gardens","CalpeConference"
"1252","GibraltarMuseum","CalpeConference"
"1253","joinmytrip","beckyexploring"
"1254","fidh_en","ag_fidh"
"1255","ajwei89","dririshsea"
"1256","ShehbazSheikhh","beckyexploring"
"1257","KongSureecha","markscogan"
"1258","gewgawrav","Traddle"
"1259","BooksAdela","BooksAdela"
"1260","BooksAdela","BooksAdela"
"1261","ognittis37","SingaporeJobs88"
"1262","Michael14686367","OlivierHoarau"
"1263","zuloagaonline","MoneyTalkR3"
"1264","Mayaguez1975","OlivierHoarau"
"1265","globalagrotrade","Traddle"
"1266","shahbaj84595742","Traddle"
"1267","Athenaw37399681","Traddle"
"1268","PedrinaSiqueira","Traddle"
"1269","AydemirMehmet8","Traddle"
"1270","USAgroGlobalOf1","Traddle"
"1271","DigitalAgroTra1","Traddle"
"1272","Ramoon_S2_","FangSladeDrum"
"1273","GWolffy07","FangSladeDrum"
"1274","Dante_Wolfy","FangSladeDrum"
"1275","CEdwardsBailey","MoneyTalkR3"
"1276","jeromeplan","OlivierHoarau"
"1277","RIPhoeste","KDEVANS81"
"1278","Bernietherat1","JamesBluntCA"
"1279","AWSUser","fion_li"
"1280","AWSUser","fion_li"
"1281","vincent_vannier","OlivierHoarau"
"1282","basilyeo","BillyTeoYH"
"1283","globalgapa","giannagayle"
"1284","TsuokamiWolf","FangSladeDrum"
"1285","ILuvPassiveCash","TimotheusLee"
"1286","BlueHawaiichan","huskgen"
"1287","BlueHawaiichan","FangSladeDrum"
"1288","RubberBelll","fion_li"
"1289","muguraaaaa","anthonyhorsnell"
"1290","huskgen","FangSladeDrum"
"1291","hbbtruth","fion_li"
"1292","LLHappyArt","anthonyhorsnell"
"1293","elCampeone","mqakhokhar"
"1294","anthonyhorsnell","anthonyhorsnell"
"1295","ddinini","HaseenahKoya"
"1296","AllesUndNix_","frshpilot"
"1297","AllesUndNix_","PublicityLogix"
"1298","bernard_jomard","bernard_jomard"
"1299","a_abdulaziz_a","FrRonconi"
"1300","KevinMoseri","F10_accelerator"
"1301","AmazingChevVolt","volocopter"
"1302","HSNorup","PippaChorley"
"1303","libijian2","libijian2"
"1304","_RIP_LREM","FrRonconi"
"1305","kidsstoryworld","PippaChorley"
"1306","mochimcookie","HaseenahKoya"
"1307","hxziqhishxm","WTravelMagazine"
"1308","KR15007672245","markscogan"
"1309","PravitR","markscogan"
"1310","BangarangBooks","PippaChorley"
"1311","CNRSinSingapore","EOS_SG"
"1312","GiabuE","UpsidesOf2020"
"1313","Franchising247","BirdsofParadiz8"
"1314","Yuriria_Mascott","bakermckenzie"
"1315","cityofglass4","UniqueNews_"
"1316","cityofglass4","anthonyhorsnell"
"1317","cityofglass4","okay_fine1995"
"1318","cityofglass4","chris_rodgerz"
"1319","ADBSocial","adbpublications"
"1320","MerchantMediaCo","BirdsofParadiz8"
"1321","hazeerahb","KDEVANS81"
"1322","ellitweets","theaseanpost"
"1323","Sensibely","mqakhokhar"
"1324","vvq3gN6BTKp0Th4","BirdsofParadiz8"
"1325","ymchoi2","is_keelu"
"1326","lch1540","MoneyTalkR3"
"1327","lch1540","hkfp"
"1328","madamcyn","TellMe_Where2Go"
"1329","annamich980","RedDotUna"
"1330","paskeynade","KDEVANS81"
"1331","hiroya_617","ALB_S_FC"
"1332","ShScuba","sgmarineparks"
"1333","npbady955874","OlivierHoarau"
"1334","mjeng54","FintechSIN"
"1335","y_kitman","appledaily_hk"
"1336","PrivacyNinjaSG","vyvgonzales"
"1337","thecrystalcrown","TechWireAsia"
"1338","Kanifloat","FangSladeDrum"
"1339","daaitoulaam","JackKSoh"
"1340","AgonyLight","FangSladeDrum"
"1341","M_Wayne_Brown","coconuts"
"1342","pacepaynow","FitchRatings"
"1343","LOVEwithOrganic","MeeAndGreet"
"1344","IamPappaLaj","FintechSIN"
"1345","PeckGekBT","FionaLamBT"
"1346","PeckGekBT","BusinessTimes"
"1347","dickievirgin","VirginDixie"
"1348","LambertGrijns","NLinIndonesia"
"1349","emceemelvinho","emceemelvinho"
"1350","iapco","OdysseyMG"
"1351","Kitahbangkok","OlivierHoarau"
"1352","Joyn25013913","MoneyTalkR3"
"1353","Nicholas_Gomez","themasksremoved"
"1354","henry8520734","FangSladeDrum"
"1355","tigersil37","FangSladeDrum"
"1356","Mahyarm86","jahson_alemu"
"1357","jenisjeans","winternight1210"
"1358","MinoRileyWolf","FangSladeDrum"
"1359","saliorox","lookbyfare"
"1360","ExecConnexions","ExecConnexions"
"1361","Caydan_0w0","FangSladeDrum"
"1362","jlints58","TimGurung"
"1363","discoverIndia99","IYRKRao"
"1364","DanRRichards","jahson_alemu"
"1365","Nezaridraws","FangSladeDrum"
"1366","stud122301","FangSladeDrum"
"1367","thethirdyway","jetex"
"1368","atillakorkmaz35","amrshawqy"
"1369","saefarq","giselebelleb"
"1370","saefarq","SGglobalnetwork"
"1371","Miyamoto_Sa_Ba","Siemens"
"1372","DominicWan","KDEVANS81"
"1373","bitto_kuraudo","FangSladeDrum"
"1374","TresconGlobal","WorldAIShow"
"1375","TresconGlobal","WorldAIShow"
"1376","TresconGlobal","WorldAIShow"
"1377","TresconGlobal","WorldAIShow"
"1378","TresconGlobal","WorldAIShow"
"1379","simhadrivrao","Siemens"
"1380","SiemensSEA","Siemens"
"1381","DunstanDelvalle","Nessa_Anwar"
"1382","xnklip","DunchinYEG"
"1383","ANGELinwndrland","Siemens"
"1384","a_alok","DPtechtrueup"
"1385","BiLLinBlue","FangSladeDrum"
"1386","jooniestrash","HaseenahKoya"
"1387","babyggloss","HaseenahKoya"
"1388","timzeng16","zuibrahim"
"1389","YHkpc","appledaily_hk"
"1390","scarecrow1113","hkfp"
"1391","scarecrow1113","hkfp"
"1392","6bladegun","OlivierHoarau"
"1393","geldzakenadvies","geldzakenadvies"
"1394","PlaneSpotIsCool","OlivierHoarau"
"1395","rblondt","OlivierHoarau"
"1396","ChrisAltham","VladoBotsvadze"
"1397","JacquiBarratt","SaltJobsAsia"
"1398","kookkuno","HaseenahKoya"
"1399","jenny_hedley","hkfp"
"1400","jenny_hedley","appledaily_hk"
"1401","jenny_hedley","hkfp"
"1402","thefrankreport","sanj971"
"1403","AuthorEllie","TimGurung"
"1404","CorinnaSladey","sanj971"
"1405","sukeji_handa","TimGurung"
"1406","CollignonPeter","sanj971"
"1407","HollowManSeries","authorjamiller"
"1408","kurzbeine","FangSladeDrum"
"1409","1BrookAllen","authorjamiller"
"1410","StoneLord1","authorjamiller"
"1411","q24hpexHeqpCUvm","appledaily_hk"
"1412","FedericaRaffae6","UpsidesOf2020"
"1413","BrigJkFraserRM","RoyalNavy"
"1414","Federic79967793","UpsidesOf2020"
"1415","Jistlab","jetex"
"1416","Soldier_ixv","FrRonconi"
"1417","ayann_fr","FangSladeDrum"
"1418","UofA_Arts","DunchinYEG"
"1419","MichaelaUrban14","appledaily_hk"
"1420","raisinganchor","OlivierHoarau"
"1421","Sylvesterchintu","arian290360"
"1422","MarkhamMar","barselona328832"
"1423","Timgomes25","FangSladeDrum"
"1424","CultureLover_it","KarryJames11"
"1425","CultureLover_it","BeyondTrust"
"1426","greendigitalmob","alvinfoo"
"1427","666Vyx","FangSladeDrum"
"1428","VictoriaStaat","TimGurung"
"1429","lifecycleguy","TINcubation"
"1430","halilsenol9","FrRonconi"
"1431","EliasMirad","OlivierHoarau"
"1432","TeslaCollie","FangSladeDrum"
"1433","PukaPukann","FangSladeDrum"
"1434","Victoryabro","FrRonconi"
"1435","ToboeWolf_Br","FangSladeDrum"
"1436","Gunmetal_flaw","ohmyprimus"
"1437","TwinofWolf","FangSladeDrum"
"1438","RubyNibel","FangSladeDrum"
"1439","Artificialbra1n","asia_biotech"
"1440","Artificialbra1n","KrASIAofficial"
"1441","zuncks","authorjamiller"
"1442","HistoryRoadshow","authorjamiller"
"1443","PerretAstier","EliteStephanie"
"1444","HoltenHm","TimGurung"
"1445","ANCarrillo964","alvinfoo"
"1446","Le_Tai_","FangSladeDrum"
"1447","vikramgade","EMIS_MandA"
"1448","faux_122","FangSladeDrum"
"1449","crosswhitekiba","FangSladeDrum"
"1450","julian47hill","RoyalNavy"
"1451","writingcalliope","authorjamiller"
"1452","Demonic_coconut","FangSladeDrum"
"1453","altairaeon","FangSladeDrum"
"1454","Atlantis_Shark","FangSladeDrum"
"1455","Koujiboy1989","FangSladeDrum"
"1456","tinsuemark","FangSladeDrum"
"1457","Tinkathehyena","FangSladeDrum"
"1458","ElizStJohn","authorjamiller"
"1459","AssetInvestor__","alvinfoo"
"1460","Huzibeijing","damon_pang"
"1461","Guspapis_Tanuki","FangSladeDrum"
"1462","eliesian","RoyalNavy"
"1463","CSEASUCB","zuibrahim"
"1464","maryanneyarde","authorjamiller"
"1465","joa_becker","nangle_it"
"1466","WorldNitti","authorjamiller"
"1467","WorldNitti","authorjamiller"
"1468","jas0nhk","hkfp"
"1469","FIqbaI","arian290360"
"1470","AnoopMaheshwar5","arian290360"
"1471","rapeka","EU_Gateway"
"1472","alessionaval","RoyalNavy"
"1473","Rochelle__Silva","NUSSDE"
"1474","NaNa45715776","hkfp"
"1475","JamesM_Stuart","authorjamiller"
"1476","JbwJenny","bernard_jomard"
"1477","sweetslr1nonly","alvinfoo"
"1478","thehermanatortb","BeyondTrust"
"1479","MsClareMBaker","RoyalNavy"
"1480","StrategyBin","RoyalNavy"
"1481","ricardomassad","BeyondTrust"
"1482","large_by","BeyondTrust"
"1483","DanielKhan2020","alvinfoo"
"1484","LevyGalanti","bernard_jomard"
"1485","jrjohn188","BeyondTrust"
"1486","LadyVictoriaLeo","BBCStoryWorks"
"1487","TechnologyJon","BeyondTrust"
"1488","chtgnydn","FionaLamBT"
"1489","chtgnydn","BusinessTimes"
"1490","cm5150","BeyondTrust"
"1491","geekmommymel","BeyondTrust"
"1492","IDollyLenz","IDollyLenz"
"1493","kannanrr49","katieeking"
"1494","gabosanders","BeyondTrust"
"1495","dnddldnddlS2S2","woonglyyou"
"1496","dnddldnddlS2S2","woonglyyou"
"1497","dnddldnddlS2S2","woonglyyou"
"1498","bpchappell","BeyondTrust"
"1499","he_koh","jollyman3"
"1500","he_koh","alvinfoo"
"1501","wilaroney","authorjamiller"
"1502","amirhimself","GlendaChongCNA"
"1503","Prangie","GlendaChongCNA"
"1504","DecemberC9","hkfp"
"1505","DecemberC9","hkfp"
"1506","DecemberC9","hkfp"
"1507","wong52","EU_Gateway"
"1508","juanppaezs","BeyondTrust"
"1509","hirenzyaku8","RoyalNavy"
"1510","a_e00omr","amrshawqy"
"1511","CathrynPearce","RoyalNavy"
"1512","lung_mau","alvinfoo"
"1513","isanizam3","arian290360"
"1514","ShadowDogDesign","TimGurung"
"1515","MaritimeFounUK","RoyalNavy"
"1516","Minimalneg","nuuuwan"
"1517","stapleskeri","youroppi"
"1518","davy_ninja","damon_pang"
"1519","DasBanasree","arian290360"
"1520","MaryanaMorelli","anthonyhorsnell"
"1521","abelfrageauthor","authorjamiller"
"1522","kkmmnnee","RoyalNavy"
"1523","CARogersNo1","UKASEAN"
"1524","Lizones1","TimGurung"
"1525","CAASBREY","authorjamiller"
"1526","CircularDsgNrb","CircularHotspot"
"1527","DrAdamChee","WorldAIShow"
"1528","yacacaca","hkfp"
"1529","RoopsSaxena","arian290360"
"1530","OverstreetBT","BeyondTrust"
"1531","DiChristine","CurtisSChin"
"1532","donsmalley79","TimGurung"
"1533","EMGraphicsOnWeb","anthonyhorsnell"
"1534","kvlpxris","HaseenahKoya"
"1535","EvelynTidman1","anthonyhorsnell"
"1536","desihanara","nhc_no"
"1537","_Hyperion4","_ahsanR"
"1538","NLinSingapore","CircularHotspot"
"1539","murthy_sowjanya","IYRKRao"
"1540","nikalston","BeyondTrust"
"1541","hhartwigbeyond1","BeyondTrust"
"1542","JasonSilva_Tech","BeyondTrust"
"1543","growing101QC","alvinfoo"
"1544","unionjackflavor","alvinfoo"
"1545","pdboyes","BeyondTrust"
"1546","JoyceLauNews","rthk_enews"
"1547","ssdakduk","alvinfoo"
"1548","sondravet22","RoyalNavy"
"1549","DanielDelage4","hkfp"
"1550","SpicyMutton","rthk_enews"
"1551","DakotaRedditt","anthonyhorsnell"
"1552","well2535","GlendaChongCNA"
"1553","dthinkr","BeyondTrust"
"1554","foxtan_z","hkfp"
"1555","milankoppen","BeyondTrust"
"1556","ivyfung44","rthk_enews"
"1557","MrsJodieSutton","BeyondTrust"
"1558","TylerWayne10","BeyondTrust"
"1559","sgshenoy","BeyondTrust"
"1560","Master_Kehl","BeyondTrust"
"1561","cbrecapitalmkts","CBRESingapore"
"1562","Niklada9","BeyondTrust"
"1563","pna_ly008z800","Happy_Mijoo_Day"
"1564","AZJulieJones","BeyondTrust"
"1565","SZarifi","ICJ_org"
"1566","SZarifi","ICJ_Asia"
"1567","nuromri","OleaMedical"
"1568","IamEmRun","alvinfoo"
"1569","jjordanitsec","BeyondTrust"
"1570","SocietyInternet","UPRinfo"
"1571","AllieSMarketer","BeyondTrust"
"1572","Ching33905443","rthk_enews"
"1573","KateThritsawan","GlendaChongCNA"
"1574","wikiat","zuibrahim"
"1575","BritonandDane","authorjamiller"
"1576","Rjrhotmailcom2","authorjamiller"
"1577","BryanLe50721800","hkfp"
"1578","wjs53841370","hkfp"
"1579","wjs53841370","hkfp"
"1580","wjs53841370","hkfp"
"1581","the404code","WorldAIShow"
"1582","TheCeefax","RoyalNavy"
"1583","EPC_NL","MammoetHolding"
"1584","api_daily","WorldAIShow"
"1585","ramyeonjpg","Rochelle__Silva"
"1586","AsiaPacAPA","giannagayle"
"1587","ChanceryLens","GlendaChongCNA"
"1588","mimicatdog","hkfp"
"1589","mimicatdog","hkfp"
"1590","mimicatdog","hkfp"
"1591","mimicatdog","hkfp"
"1592","remyvoxa","youroppi"
"1593","Blazer79","BeyondTrust"
"1594","Junerenger","GlendaChongCNA"
"1595","StroberryPastry","ruka21"
"1596","JodyPadarCPA","LieletteCalleja"
"1597","20n78e","IYRKRao"
"1598","marcioboni_usa","BeyondTrust"
"1599","DD99135199","GlendaChongCNA"
"1600","Thatamm23","GlendaChongCNA"
"1601","amode6","GlendaChongCNA"
"1602","BibieBie3","GlendaChongCNA"
"1603","anglrsg9","TimGurung"
"1604","meganekung1108","GlendaChongCNA"
"1605","TheMajorMontana","GlendaChongCNA"
"1606","paradoxicsarah","KassimARah"
"1607","pinkusho","GlendaChongCNA"
"1608","SaksithCNA","GlendaChongCNA"
"1609","NOTANDME2","GlendaChongCNA"
"1610","BBandYGBFF","GlendaChongCNA"
"1611","etavirpybem","GlendaChongCNA"
"1612","ernest71","cwylilian"
"1613","douggie_ward","RoyalNavy"
"1614","hateme_whocare","GlendaChongCNA"
"1615","iiwswaaa1","GlendaChongCNA"
"1616","penny_hampson","authorjamiller"
"1617","Sys_innovation","sisingaporehub"
"1618","Nattiya05197649","GlendaChongCNA"
"1619","Ocean16931376","hkfp"
"1620","AntheaSyrokou","TimGurung"
"1621","andrewmorrisuk","WorldAIShow"
"1622","WunJill","hkfp"
"1623","TheTravelingGer","RoyalNavy"
"1624","Hastings125","RoyalNavy"
"1625","altairasayshi","ruka21"
"1626","Shazza1uk","RoyalNavy"
"1627","kimimarmotte","TaiwanBirding"
"1628","lausifer","RoyalNavy"
"1629","bhikshu2007","hkfp"
"1630","nes_125","RoyalNavy"
"1631","ken_lovegrove","RoyalNavy"
"1632","barley_","yunsukCNA"
"1633","JudithArnopp","authorjamiller"
"1634","Kred","_tomorrowcity"
"1635","SmartCityexpo","_tomorrowcity"
"1636","srzjwalters","anthonyhorsnell"
"1637","MoreyHaber","BeyondTrust"
"1638","BobOxide456","CDHKedition"
"1639","RoyalNavyFPS","RoyalNavy"
"1640","twobirdsDR","twobirdsAPAC"
"1641","uvalenti","_tomorrowcity"
"1642","TwagirimanaPas3","RoyalNavy"
"1643","PatriotUkrain","RoyalNavy"
"1644","LaddSmith","RoyalNavy"
"1645","presan100","RoyalNavy"
"1646","Fluglacialskies","RoyalNavy"
"1647","TheBrit96","RoyalNavy"
"1648","R_P_one","RoyalNavy"
"1649","GeorgeUndefeat1","RoyalNavy"
"1650","Obr2019","RoyalNavy"
"1651","wadakashiho","RoyalNavy"
"1652","JodieRandall","RoyalNavy"
"1653","KimRoebuck","anthonyhorsnell"
"1654","air_intel","RoyalNavy"
"1655","FEWO_West","RoyalNavy"
"1656","jadedmeatbag","kixes"
"1657","r_ravindrareddy","jetex"
"1658","CraigHipkins","authorjamiller"
"1659","sweetchopin","rthk_enews"
"1660","andrew_oneseven","hkfp"
"1661","Princejain444","alvinfoo"
"1662","CKullmannAuthor","authorjamiller"
"1663","ramanhong","SaltJobsAsia"
"1664","ramanhong","SaltJobsAsia"
"1665","NainYashasvi","UPRinfo"
"1666","Ikemeroonkyuun","ruka21"
"1667","mikhailhkmy","hkfp"
"1668","jessjewlry","CalpeConference"
"1669","PeterMindenhall","CDHKedition"
"1670","xanderology","benedictjt"
"1671","vmrwanda","CDHKedition"
"1672","MiJooislove","Happy_Mijoo_Day"
"1673","ChinaDaily","CDHKedition"
"1674","yvonne852456","hkfp"
"1675","yvonne852456","hkfp"
"1676","yvonne852456","hkfp"
"1677","yvonne852456","hkfp"
"1678","sectest9","Notes_Theory"
"1679","sectest9","VISTAINFOSEC"
"1680","CyberSecurityN8","Notes_Theory"
"1681","CyberSecurityN8","VISTAINFOSEC"
"1682","Turfline","FXstreetNews"
"1683","ClaudiaMoser53","EliteStephanie"
"1684","IamSridharBabuT","IYRKRao"
"1685","GrandRevivalYay","hkfp"
"1686","GrandRevivalYay","hkfp"
"1687","SoappySufyan","HaseenahKoya"
"1688","JasonLe89224405","hkfp"
"1689","KrisSn","BBCStoryWorks"
"1690","world_news_eng","hkfp"
"1691","world_news_eng","hkfp"
"1692","world_news_eng","hkfp"
"1693","world_news_eng","hkfp"
"1694","zLhZIFPjY7huzKu","hkfp"
"1695","joypamnani","hkfp"
"1696","HeatherSmithAU","LieletteCalleja"
"1697","VivienneBreret1","authorjamiller"
"1698","pazbemsaude","hkfp"
"1699","757747544","hkfp"
"1700","757747544","hkfp"
"1701","Mindful11111","zuibrahim"
"1702","ManuBaigorri","WongDouglas"
"1703","CheshamJennifer","EliteStephanie"
"1704","NCP_Mfg_H2020","EEN_Wales"
"1705","taizidang19732","hkfp"
"1706","taizidang19732","hkfp"
"1707","AlexDalton23","authorjamiller"
"1708","ho_jenhoek","youroppi"
"1709","ventriclejuice","tjc_singapore"
"1710","Kindle_history","authorjamiller"
"1711","rustycompass13","cwylilian"
"1712","daeri_chattt","woonglyyou"
"1713","daeri_chattt","binsunglovesyou"
"1714","daeri_chattt","woonglyyou"
"1715","daeri_chattt","woonglyyou"
"1716","cloudwoonon","woonglyyou"
"1717","cloudwoonon","woonglyyou"
"1718","cloudwoonon","binsunglovesyou"
"1719","cloudwoonon","woonglyyou"
"1720","woonglyyou","binsunglovesyou"
"1721","freakingcat","rthk_enews"
"1722","huang_jiyuan","PDChina"
"1723","PaulYurisich","hkfp"
"1724","ellcrius","zuibrahim"
"1725","FWorldcitizen","globaltimesnews"
"1726","x_Thomas_","skokka_SG"
"1727","Decosty1","PDChina"
"1728","santhana_98","PDChina"
"1729","AndiSebastian1","PDChina"
"1730","luckshme3","alvinfoo"
"1731","thebordersea","PDChina"
"1732","Incrediblesale1","PDChina"
"1733","MponyeJames","PDChina"
"1734","sunlorrie","PDChina"
"1735","peterjcolemansg","asia_mobility"
"1736","peterjcolemansg","asia_mobility"
"1737","fipsyfip","jetex"
"1738","xzxzanalazy","hkfp"
"1739","ewvXGdT46ci7XJ8","damon_pang"
"1740","Realkishitakazu","cwylilian"
"1741","MichaelFieldNZ","hkfp"
"1742","hong15101980","hkfp"
"1743","cloudyip","rthk_enews"
"1744","yinlintan","zuibrahim"
"1745","SiuAnda","hkfp"
"1746","hk13974688","hkfp"
"1747","meristemdrea","jbhavan"
"1748","sa_c_kumar1897","gowri_gal"
"1749","Cloud_CIO_","SecChronicle"
"1750","chanheungongyan","hkfp"
"1751","thomasjlesniak","IDollyLenz"
"1752","yAKsdOES34wIv2b","hkfp"
"1753","vickyso37491058","hkfp"
"1754","Koverptw","rthk_enews"
"1755","11isSB","hkfp"
"1756","po1111","hkfp"
"1757","joetsuki","hkfp"
"1758","clarkyboy2002","zuibrahim"
"1759","Amb0306","CGTNOfficial"
"1760","ann2822","hkfp"
"1761","lauhoho","rthk_enews"
"1762","TwigletM","hkfp"
"1763","eddie_e_k","cwylilian"
"1764","MurphySG","davecaleb"
"1765","MelanieCNA","LanceCNA"
"1766","ernestpuey","LanceCNA"
"1767","MarkHamptonHK","zuibrahim"
"1768","ADelgersaikhan","globaltimesnews"
"1769","PYK62528519","damon_pang"
"1770","YonetteJo","cwylilian"
"1771","GarryMo52144942","rthk_enews"
"1772","ChiuBryan313","hkfp"
"1773","joekseoi","hkfp"
"1774","Keerthi80887049","RootcareerRCS"
"1775","Julxxx2","globaltimesnews"
"1776","h_chloepenny","globaltimesnews"
"1777","betelleaves","globaltimesnews"
"1778","TedO888","globaltimesnews"
"1779","lalachanka62","globaltimesnews"
"1780","ChristineMCNA","cwylilian"
"1781","aristeroxori","globaltimesnews"
"1782","Narayan19620268","globaltimesnews"
"1783","thecryptostefan","hkfp"
"1784","cousincheng","hkfp"
"1785","wdonwicki","hkfp"
"1786","BeLLeBeLLehk","hkfp"
"1787","RenneNelis","damon_pang"
"1788","fuelsbeat","tradewithlizeth"
"1789","abc1230","damon_pang"
"1790","CurrentTrends1","HrizenTechno"
"1791","CurrentTrends1","K2HotJobs"
"1792","hmmbee","hkfp"
"1793","cyberludics","kixes"
"1794","cyberludics","kixes"
"1795","apoorva_dutt","BBCStoryWorks"
"1796","louisedaudau","hkfp"
"1797","TudorTweep","TimGurung"
"1798","CrastoCrr","alvinfoo"
"1799","CryCrowd","TimGurung"
"1800","bittco","hkfp"
"1801","rexcheung","hkfp"
"1802","MostlyReed","foo_benjamin"
"1803","JYiShengYiShi","hkfp"
"1804","CharlieAzantys","damon_pang"
"1805","athir_azman","jbhavan"
"1806","APJoti","SantaFeRelo"
"1807","JournoDannyAero","klustout"
"1808","JournoDannyAero","mangogemini"
"1809","CocokingP","damon_pang"
"1810","claudiomkd","alvinfoo"
"1811","MillieThom","TimGurung"
"1812","iloveanimator","hkfp"
"1813","JeevanG1301","steve_hanke"
"1814","divergence_09","hkfp"
"1815","Sirloinofice1","kixes"
"1816","Sirloinofice1","kixes"
"1817","Sirloinofice1","kixes"
"1818","keyboardwah","hkfp"
"1819","iris_cycycmcm","damon_pang"
"1820","______c_a","hkfp"
"1821","Florenc27953755","hkfp"
"1822","shuiqing00","hkfp"
"1823","kititman","hkfp"
"1824","fufulovescoke","damon_pang"
"1825","Murthy__CR","IYRKRao"
"1826","lindsayromantic","TimGurung"
"1827","alicemuwu","damon_pang"
"1828","ptreporter","damon_pang"
"1829","liuhsiuwen","damon_pang"
"1830","zoozeori","YuanTalks"
"1831","fxhitz","YuanTalks"
"1832","oikos_solutions","sang_alertboot"
"1833","saraasalimi","fmtoday"
"1834","rahah_ghazali","fmtoday"
"1835","ZeBigDragon","kixes"
"1836","RidTravel","YuanTalks"
"1837","pop8971","FangSladeDrum"
"1838","ceza53akt","BBCStoryWorks"
"1839","lochiel77","hkfp"
"1840","YuanReport","YuanTalks"
"1841","CMNewsletters","YuanTalks"
"1842","YTVYuanTalks","YuanTalks"
"1843","jessicaxtanx","woonglyyou"
"1844","ioanhatz","julianhosp"
"1845","poddlejunnie","binsunglovesyou"
"1846","binsunglovesyou","woonglyyou"
"1847","N23Dprinting","Feliciajohnn"
"1848","paul_cude","TimGurung"
"1849","ickacangmachine","kixes"
"1850","ickacangmachine","tjc_singapore"
"1851","parisartfrance","kunstweg"
"1852","feijianming","fion_li"
"1853","ServiceNowAsia","TravisDarrow"
"1854","shivaprasad_124","IYRKRao"
"1855","codervj","TINcubation"
"1856","KJBoonen","Joyce__Koh"
"1857","Mag_HR","TravisDarrow"
"1858","StartupNewsIND","pulsehyip"
"1859","xkzh1","anthonyhorsnell"
"1860","SebbyTong","Joyce__Koh"
"1861","siddu_roy22","IYRKRao"
"1862","alhanda","TimGurung"
"1863","Khattiy74899201","tEconomics"
"1864","Khattiy74899201","CGruenenfelder"
"1865","Khattiy74899201","WTravelMagazine"
"1866","Khattiy74899201","annakarina_m_"
"1867","Khattiy74899201","kurodatenshi"
"1868","Khattiy74899201","kixes"
"1869","Khattiy74899201","fkeverycountry"
"1870","Khattiy74899201","ShredMasterB"
"1871","Khattiy74899201","laviezine"
"1872","Khattiy74899201","justauto"
"1873","Khattiy74899201","Reejscreativec1"
"1874","Khattiy74899201","com_gcd"
"1875","Khattiy74899201","KayChinTAY"
"1876","Khattiy74899201","tEconomics"
"1877","Khattiy74899201","MogamboSG"
"1878","rhbrink","anthonyhorsnell"
"1879","Fabriciosx","SaltJobsAsia"
"1880","teemarieeagle","anthonyhorsnell"
"1881","Eisen20192","MPA_Singapore"
"1882","HerosBarSG","MogamboSG"
"1883","Ashokb444","mrallison"
"1884","tomahawktt","anthonyhorsnell"
"1885","GunaHarshi","IYRKRao"
"1886","Rajinikumar3","gowri_gal"
"1887","mkcgani","IYRKRao"
"1888","i_am_sumi06","IYRKRao"
"1889","JudithBBoling","TimGurung"
"1890","api_learnn","WorldAIShow"
"1891","dushyantgadewal","WorldAIShow"
"1892","twistor","peaceandfreedom"
"1893","darkice887","woonglyyou"
"1894","mypeachperfect","woonglyyou"
"1895","MichelleYesudas","Dhevy_Siva"
"1896","EdDanza1","foo_benjamin"
"1897","sundarmail","IYRKRao"
"1898","Iam_Sudarshann","IYRKRao"
"1899","realamirulfitri","GenforIndia"
"1900","brownmatters_sg","HaseenahKoya"
"1901","DrPnygard","TaiwanBirding"
"1902","BrassWeb","TimGurung"
"1903","AlexanderLHK","China2ASEAN"
"1904","ABodyToBones","TimGurung"
"1905","barbiesway","TimGurung"
"1906","JanRomes","TimGurung"
"1907","p_____59","amrshawqy"
"1908","Fractal_Flo","foo_benjamin"
"1909","midolisauvage","TimGurung"
"1910","anthonyeluke","foo_benjamin"
"1911","IqbaalAhmed20","MoFAmv"
"1912","gsihombing__","WongDouglas"
"1913","MdpPrimary2020","MoFAmv"
"1914","RocafortFred","mangogemini"
"1915","chidambara09","WorldAIShow"
"1916","blackpeopledata","LD_Investments"
"1917","GrowUPdaVinci","designboom"
"1918","MDVinBGD","MoFAmv"
"1919","timmetz","KaiOStech"
"1920","StirLaughRepeat","TimGurung"
"1921","AppleRTweet","Notes_Theory"
"1922","prisonagepress","TimGurung"
